user_id,synch,asynch,upqa,tpqa,is_lira,course_id,tqc_fa,eqc_fa,eqc_fa_sr,tq_fa_sr,rc
27,0,13,13,31,1,5,8,0,0,0.3333333333333333,0
29,0,1,1,1,1,5,3,0,0,0.375,0
257,38,45,83,162,1,5,49,14,0.9333333333333332,0.875,1
322,0,27,27,56,1,5,25,0,0,0.6578947368421053,0
427,3,80,83,145,1,5,40,10,0.6666666666666666,0.7142857142857143,0
586,0,4,4,6,1,5,9,12,0.8,0.6428571428571429,0
1795,0,69,72,154,0,4,25,0,0,0.4464285714285714,0
2385,2,2,4,4,1,5,0,0,0,0,0
2758,0,0,0,0,1,5,0,0,0,0,0
3146,0,3,3,11,0,4,0,0,0,0,0
3208,0,10,10,24,1,5,0,0,0,0,0
4124,0,83,83,115,1,5,39,11,0.7333333333333333,0.6964285714285714,0
4184,0,2,2,2,1,5,1,0,0,0.25,0
4653,4,77,81,130,0,4,37,11,0.7333333333333333,0.7551020408163265,0
4800,0,72,72,156,1,5,24,0,0,0.4897959183673469,0
4883,1,21,22,46,1,5,7,0,0,0.4375,0
5549,0,83,83,115,1,5,45,11,0.7333333333333333,0.8035714285714286,0
6062,0,24,24,62,1,5,5,0,0,0.4545454545454545,0
6798,0,19,19,43,1,5,18,0,0,0.72,0
7604,0,81,81,140,0,4,23,12,0.8,0.4693877551020408,0
7618,0,13,13,25,0,4,6,0,0,0.4285714285714285,0
7751,0,83,83,163,1,5,48,12,0.8,0.8571428571428571,0
8167,0,10,10,14,1,5,30,12,0.8,0.5357142857142857,0
8279,0,0,0,0,0,4,0,0,0,0,0
8887,4,79,83,196,1,5,31,10,0.6666666666666666,0.5535714285714286,0
9231,3,80,83,107,1,5,31,8,0.5333333333333333,0.5535714285714286,0
9428,4,11,15,22,1,5,6,0,0,1,0
9720,0,5,5,7,1,5,8,9,0.6,0.3478260869565217,0
9810,5,78,83,142,1,5,42,12,0.8,0.8571428571428571,0
10036,0,39,39,76,1,5,18,0,0,0.4390243902439024,0
10612,0,13,13,17,1,5,0,0,0,0,0
10731,0,2,2,4,0,4,3,0,0,0.5,0
10756,2,79,81,147,0,4,33,14,0.9333333333333332,0.673469388,1
11013,9,72,81,271,0,4,51,12,0.8,0.9107142857142856,1
11459,0,26,26,53,1,5,22,4,0.4444444444444444,0.7333333333333333,0
11486,0,83,83,137,1,5,35,11,0.7333333333333333,0.625,1
11559,16,67,83,135,1,5,46,10,0.6666666666666666,0.8214285714285714,0
11627,0,45,45,99,1,5,15,0,0,0.6,0
11742,0,2,2,2,1,5,0,0,0,0,0
11822,4,67,71,170,1,5,30,0,0,0.6122448979591837,0
12476,0,5,6,9,0,4,3,1,0.5,0.375,0
12539,3,78,81,183,0,4,54,14,0.9333333333333332,0.9642857142857144,1
12654,0,81,81,161,0,4,40,13,0.8666666666666667,0.7142857142857143,1
12691,0,54,54,74,1,5,25,0,0,0.8333333333333334,0
12954,7,76,83,173,1,5,52,12,0.8,0.9285714285714286,0
13036,4,22,26,81,1,5,1,0,0,0.1666666666666666,0
13079,4,20,24,44,0,4,0,0,0,0,0
13617,13,66,81,155,0,4,34,7,0.4666666666666667,0.6071428571428571,0
14216,2,61,63,104,1,5,47,14,0.9333333333333332,0.8392857142857143,1
14789,0,10,10,23,1,5,0,0,0,0,0
15297,14,69,83,139,1,5,38,14,0.9333333333333332,0.6785714285714286,1
15600,0,81,81,112,0,4,42,14,0.9333333333333332,0.75,1
16441,0,7,7,9,0,4,0,0,0,0,0
16974,0,4,4,7,1,5,0,0,0,0,0
17165,38,42,83,230,1,5,42,11,0.7333333333333333,0.75,0
17303,0,5,5,5,1,5,0,0,0,0,0
17617,2,17,19,40,0,4,3,10,0.6666666666666666,0.2727272727272727,0
18219,8,75,83,205,1,5,36,1,0.066666667,0.6428571428571429,0
18492,0,11,11,19,1,5,0,0,0,0,0
18559,4,79,83,206,1,5,42,13,0.8666666666666667,0.75,0
18585,0,0,0,0,0,4,0,0,0,0,0
18835,10,43,53,80,0,4,38,14,0.9333333333333332,0.6785714285714286,0
19020,3,78,81,177,0,4,42,13,0.8666666666666667,0.75,1
19389,0,0,0,0,1,5,0,0,0,0,0
19406,25,55,80,542,1,5,54,15,1,0.9642857142857144,1
19535,0,4,4,6,1,5,29,0,0,0.5918367346938775,0
20488,2,30,32,49,0,4,18,0,0,0.782608696,0
21549,0,26,27,43,0,4,10,0,0,0.625,0
21691,10,73,83,209,1,5,45,10,0.6666666666666666,0.8035714285714286,0
21898,0,83,83,163,1,5,35,13,0.8666666666666667,0.625,0
21952,0,83,83,183,1,5,32,12,0.8,0.64,1
22442,0,0,1,1,1,5,0,0,0,0,0
22543,2,35,37,69,1,5,4,0,0,0.6666666666666666,0
22834,20,63,83,151,1,5,54,11,0.7333333333333333,0.9642857142857144,0
22935,6,77,83,302,1,5,48,15,1,0.8571428571428571,1
22945,15,68,83,212,1,5,27,11,0.7333333333333333,0.4821428571428571,0
24136,0,7,7,12,0,4,3,0,0,0.375,0
24160,37,46,83,228,1,5,42,12,0.8,0.8571428571428571,1
24325,0,7,7,10,1,5,0,0,0,0,0
24401,2,79,81,139,0,4,40,11,0.7333333333333333,0.7142857142857143,0
24432,3,78,81,235,0,4,46,13,0.8666666666666667,0.8214285714285714,1
24443,2,34,36,64,0,4,16,0,0,0.6153846153846154,0
24892,0,19,19,38,0,4,15,0,0,0.6521739130434783,0
25284,0,6,6,10,1,5,0,0,0,0,0
25581,2,81,83,182,1,5,35,8,0.5333333333333333,0.625,0
26245,0,27,27,44,0,4,27,0,0,0.7105263157894737,0
26410,0,0,0,0,1,5,0,0,0,0,0
26426,4,79,83,188,1,5,43,8,0.5333333333333333,0.7678571428571429,0
26491,0,42,42,77,1,5,21,0,0,0.4666666666666667,0
26596,0,28,28,38,1,5,27,0,0,0.6136363636363636,0
26656,11,0,11,11,0,4,13,11,1,0.5416666666666666,0
26773,0,83,83,146,1,5,32,10,0.6666666666666666,0.5714285714285714,0
26880,12,71,83,147,1,5,40,10,0.6666666666666666,0.7142857142857143,0
26941,0,82,82,269,1,5,26,3,0.75,0.5306122448979592,0
27076,0,81,81,126,0,4,36,12,0.8,0.6428571428571429,1
27081,3,78,81,143,0,4,40,13,0.8666666666666667,0.7142857142857143,0
27082,3,80,83,165,1,5,39,11,0.7333333333333333,0.6964285714285714,0
27088,0,69,69,115,0,4,42,0,0,0.8571428571428571,0
27099,1,6,7,12,1,5,0,0,0,0,0
27106,0,4,4,4,0,4,0,0,0,0,0
27159,2,34,36,93,1,5,23,11,0.7333333333333333,0.6216216216216216,0
27213,0,9,9,21,1,5,27,4,0.6666666666666666,0.4821428571428571,0
27356,23,56,83,142,1,5,33,9,0.6,0.5892857142857143,0
27384,0,55,55,138,0,4,14,0,0,0.4666666666666667,0
27473,12,71,83,133,1,5,43,13,0.8666666666666667,0.7678571428571429,1
27535,0,14,14,37,1,5,12,0,0,0.3870967741935484,0
27876,0,7,7,19,1,5,16,8,0.5333333333333333,0.4705882352941176,0
27911,3,80,83,131,1,5,38,11,0.7333333333333333,0.6785714285714286,0
27980,0,22,22,47,0,4,4,0,0,0.4444444444444444,0
28121,0,37,37,63,1,5,5,0,0,0.8333333333333334,0
28190,3,78,81,167,0,4,20,11,0.7333333333333333,0.4651162790697674,0
28202,4,56,60,104,1,5,18,0,0,0.6,0
28287,4,8,12,12,1,5,0,0,0,0,0
28411,0,18,18,41,1,5,9,0,0,0.75,0
28500,0,28,28,71,0,4,13,9,0.6,0.4814814814814814,0
28669,28,44,72,168,1,5,44,12,0.8,0.7857142857142857,0
28698,19,64,83,194,1,5,44,14,0.9333333333333332,0.7857142857142857,1
28755,0,2,2,2,1,5,0,0,0,0,0
28780,0,55,55,105,0,4,36,11,0.7333333333333333,0.6428571428571429,0
29567,6,73,81,179,0,4,40,12,0.8,0.7142857142857143,0
29656,11,70,81,111,0,4,37,14,0.9333333333333332,0.6607142857142857,1
29750,2,79,81,143,0,4,41,13,0.8666666666666667,0.7321428571428571,0
29754,0,81,81,148,0,4,28,11,0.7333333333333333,0.5,0
29869,6,77,83,249,1,5,43,12,0.8,0.7678571428571429,0
30295,5,39,44,166,1,5,18,11,0.7333333333333333,0.6,0
30512,0,7,7,10,0,4,5,0,0,0.625,0
30516,8,75,83,144,1,5,40,11,0.7333333333333333,0.7142857142857143,0
30776,0,81,81,130,0,4,45,13,0.8666666666666667,0.8035714285714286,1
30978,2,25,27,77,1,5,14,0,0,0.5833333333333334,0
31281,0,18,18,41,1,5,15,0,0,0.75,0
31306,0,24,24,51,1,5,12,10,0.6666666666666666,0.48,0
31390,0,83,83,129,1,5,32,9,0.6,0.5714285714285714,0
31503,0,81,81,170,0,4,34,12,0.8,0.6071428571428571,0
31520,0,0,0,0,0,4,0,0,0,0,0
31643,0,2,2,3,1,5,4,0,0,0.6666666666666666,0
31647,2,46,48,96,1,5,27,10,0.6666666666666666,0.4821428571428571,0
31650,0,83,83,144,1,5,38,12,0.8,0.6785714285714286,0
31856,0,20,20,30,1,5,27,0,0,0.627906977,0
32033,7,74,81,119,0,4,49,13,0.8666666666666667,0.875,1
32043,12,69,81,144,0,4,48,13,0.8666666666666667,0.8571428571428571,1
32095,4,77,81,157,0,4,54,14,0.9333333333333332,0.9642857142857144,1
32285,6,77,83,162,1,5,36,10,0.6666666666666666,0.6428571428571429,0
32305,4,42,46,53,0,4,18,0,0,0.782608696,0
32391,3,11,14,20,1,5,14,0,0,0.7,0
32394,4,21,25,63,0,4,6,0,0,0.5,0
32395,0,68,81,158,0,4,44,11,0.7333333333333333,0.7857142857142857,0
32418,11,70,81,173,0,4,32,13,0.8666666666666667,0.6530612244897959,1
32449,0,81,81,147,0,4,43,11,0.7333333333333333,0.7678571428571429,0
32453,0,81,81,133,0,4,31,10,0.6666666666666666,0.5535714285714286,0
32516,4,70,74,241,0,4,38,11,0.7333333333333333,0.7916666666666666,0
32686,0,38,38,133,0,4,12,0,0,0.7058823529411765,0
32834,0,81,81,162,0,4,30,11,0.7333333333333333,0.6976744186046512,1
32993,11,58,69,150,0,4,22,13,0.8666666666666667,0.5238095238095238,1
33020,0,21,21,51,0,4,2,6,0.4,0.3333333333333333,0
33069,0,81,81,172,0,4,39,11,0.7333333333333333,0.78,1
33151,0,52,52,123,0,4,18,0,0,0.6,0
33192,0,81,81,124,0,4,44,13,0.8666666666666667,0.7857142857142857,1
33293,0,4,4,11,0,4,2,0,0,0.3333333333333333,0
33295,0,31,31,81,0,4,7,0,0,0.5384615384615384,0
33765,3,78,81,178,0,4,28,9,0.6,0.5,0
33860,0,1,1,1,0,4,3,0,0,0.4285714285714285,0
33924,5,76,81,92,0,4,48,12,0.8,0.8571428571428571,1
33947,10,71,81,160,0,4,47,11,0.7333333333333333,0.8392857142857143,0
34012,0,81,81,194,0,4,30,12,0.8,0.5357142857142857,0
34103,2,4,6,16,1,5,0,6,0.4,0,0
34184,0,43,43,104,1,5,22,9,0.6,0.7333333333333333,0
34448,0,81,81,174,0,4,23,9,0.6,0.4107142857142857,0
34463,0,27,27,60,0,4,6,0,0,0.3529411764705882,0
34501,0,7,7,11,0,4,0,0,0,0,0
34988,6,77,83,250,1,5,34,11,0.7333333333333333,0.6071428571428571,0
35139,20,63,83,142,1,5,49,13,0.8666666666666667,0.875,1
35166,0,6,6,14,0,4,0,0,0,0,0
35257,0,83,83,189,1,5,29,11,0.7333333333333333,0.5178571428571429,0
35418,0,19,19,31,1,5,6,8,0.5333333333333333,0.6666666666666666,0
35733,0,3,3,6,1,5,0,0,0,0,0
35826,7,56,63,160,0,4,35,13,0.8666666666666667,0.7142857142857143,0
35832,22,61,83,184,1,5,44,12,0.8,0.8301886792452831,1
35992,0,33,33,62,1,5,15,0,0,0.6521739130434783,0
36213,0,0,0,0,0,4,0,0,0,0,0
36256,0,12,12,16,0,4,0,0,0,0,0
36262,0,81,81,141,0,4,48,12,0.8,0.8571428571428571,1
36523,6,9,15,41,1,5,3,10,0.6666666666666666,0.2727272727272727,0
36631,0,0,0,0,0,4,0,0,0,0,0
36651,10,62,72,118,0,4,42,0,0,0.8571428571428571,0
36775,5,76,81,157,0,4,42,13,0.8666666666666667,0.75,1
36815,0,4,4,12,0,4,0,0,0,0,0
36999,0,83,83,125,1,5,34,10,0.6666666666666666,0.6071428571428571,0
37064,10,71,81,126,0,4,48,13,0.8666666666666667,0.8571428571428571,1
37136,0,11,11,29,1,5,0,0,0,0,0
37225,13,68,81,193,1,5,47,12,0.8,0.8392857142857143,1
37311,4,26,30,61,0,4,4,0,0,0.6666666666666666,0
37312,0,81,81,134,0,4,38,11,0.7333333333333333,0.6785714285714286,1
37411,0,0,0,0,0,4,0,0,0,0,0
37422,0,5,5,12,0,4,27,10,0.6666666666666666,0.4821428571428571,0
37490,2,79,81,196,0,4,38,11,0.7333333333333333,0.6785714285714286,0
37619,0,0,0,0,1,5,0,0,0,0,0
37735,7,76,83,254,1,5,33,7,0.4666666666666667,0.5892857142857143,0
37817,0,81,81,138,0,4,40,12,0.8,0.7142857142857143,0
37836,0,83,83,116,1,5,39,13,0.8666666666666667,0.7959183673469388,1
38106,5,76,81,133,0,4,43,12,0.8,0.7678571428571429,1
38144,0,11,11,22,0,4,23,0,0,0.4107142857142857,0
38241,2,2,4,10,1,5,0,0,0,0,0
38416,3,55,58,142,1,5,20,0,0,0.5555555555555556,0
38697,2,66,68,130,1,5,38,11,0.7333333333333333,0.6785714285714286,0
38762,0,28,28,42,0,4,10,0,0,0.9090909090909092,0
38766,2,24,26,77,1,5,5,0,0,0.8333333333333334,0
38805,3,78,81,153,0,4,29,10,0.6666666666666666,0.5178571428571429,0
39079,0,81,81,158,0,4,36,12,0.8,0.6428571428571429,1
39564,0,20,20,39,0,4,0,0,0,0,0
39586,6,46,52,105,1,5,13,0,0,0.6842105263157895,0
39685,0,15,15,22,0,4,21,12,0.8,0.6774193548387096,0
39737,6,34,40,88,1,5,18,0,0,0.782608696,0
40206,0,36,36,76,0,4,9,8,0.5333333333333333,0.4736842105263157,0
40226,0,52,52,142,0,4,31,0,0,0.7380952380952381,0
40458,8,75,83,237,1,5,45,12,0.8,0.8035714285714286,1
40638,2,79,81,194,0,4,45,12,0.8,0.9,1
40757,0,83,83,246,1,5,26,11,0.7333333333333333,0.4642857142857143,0
40813,0,21,21,40,1,5,2,0,0,0.3333333333333333,0
40909,0,2,2,5,1,5,0,0,0,0,0
41313,0,81,81,122,0,4,48,13,0.8666666666666667,0.8571428571428571,1
41487,3,22,27,67,1,5,6,0,0,0.5,0
41591,4,22,26,103,0,4,6,8,0.5333333333333333,0.3333333333333333,0
41789,0,10,10,26,0,4,3,0,0,0.5,0
42120,0,81,81,124,0,4,40,14,0.9333333333333332,0.7142857142857143,0
42157,0,0,0,0,1,5,0,0,0,0,0
42250,0,9,9,14,1,5,0,0,0,0,0
42646,0,81,81,358,0,4,44,11,0.7333333333333333,0.7857142857142857,0
42670,2,20,22,39,1,5,4,0,0,0.8,0
42869,5,8,13,27,1,5,6,0,0,0.8571428571428571,0
42930,0,83,83,145,1,5,38,13,0.8666666666666667,0.6785714285714286,0
43326,0,81,81,206,0,4,33,9,0.6,0.66,0
43806,0,13,13,15,1,5,0,0,0,0,0
43839,0,49,49,86,0,4,17,0,0,0.5483870967741935,0
44013,0,10,10,21,0,4,0,0,0,0,0
44430,0,37,37,100,1,5,22,8,0.5333333333333333,0.3928571428571428,0
44758,7,76,83,342,1,5,39,6,0.4,0.6964285714285714,0
44814,0,15,15,24,0,4,10,0,0,0.9090909090909092,0
45062,0,13,13,22,1,5,0,0,0,0,0
45376,0,3,3,6,0,4,0,0,0,0,0
45600,0,0,0,0,0,4,0,0,0,0,0
45603,6,75,81,129,0,4,44,12,0.8,0.7857142857142857,0
45683,0,4,4,6,0,4,3,0,0,0.75,0
45889,0,79,79,169,0,4,41,12,0.8,0.7321428571428571,0
46009,2,79,81,173,0,4,35,10,0.6666666666666666,0.625,1
46104,0,18,18,27,1,5,0,0,0,0,0
46153,0,8,8,14,0,4,3,0,0,0.4285714285714285,0
46233,0,4,4,4,0,4,0,0,0,0,0
46253,0,30,30,69,0,4,7,0,0,0.5833333333333334,0
46445,5,78,83,168,1,5,38,12,0.8,0.6785714285714286,1
46466,0,11,11,18,0,4,0,0,0,0,0
46782,0,61,61,128,0,4,25,0,0,0.5681818181818182,0
47105,1,26,27,61,0,4,20,11,0.7333333333333333,0.6060606060606061,0
47218,0,12,12,21,0,4,0,0,0,0,0
47377,0,13,13,27,0,4,26,9,0.6,0.6046511627906976,0
47423,0,18,18,50,1,5,11,9,0.6,0.55,0
47523,3,42,45,83,0,4,32,12,0.8,0.5714285714285714,0
47753,3,67,81,139,0,4,41,11,0.7333333333333333,0.7321428571428571,0
47830,0,4,4,7,1,5,6,0,0,0.75,0
47964,0,64,64,242,0,4,26,0,0,0.6842105263157895,0
48006,5,5,10,15,0,4,20,0,0,0.8333333333333334,0
48010,0,42,42,89,0,4,32,11,0.7333333333333333,0.5714285714285714,0
48310,0,37,37,104,0,4,12,11,0.7333333333333333,0.48,0
48418,0,25,25,37,1,5,20,8,0.5333333333333333,0.5555555555555556,0
49694,2,79,81,141,0,4,26,12,0.8,0.52,0
50008,0,22,22,55,1,5,5,0,0,1,0
50010,3,16,19,49,0,4,16,9,0.6,0.4324324324324324,0
50259,2,81,83,233,1,5,33,13,0.8666666666666667,0.5892857142857143,0
50662,0,83,83,244,1,5,34,12,0.8,0.6071428571428571,0
50803,0,31,31,87,0,4,0,0,0,0,0
51048,0,2,2,3,1,5,0,0,0,0,0
51089,7,76,83,294,1,5,54,11,0.7333333333333333,0.9642857142857144,0
51116,5,76,81,124,0,4,39,11,0.7333333333333333,0.6964285714285714,0
51158,3,80,83,132,1,5,37,13,0.8666666666666667,0.6607142857142857,1
51497,2,81,83,377,1,5,40,9,0.6,0.7142857142857143,0
51890,0,0,0,0,0,4,0,0,0,0,0
52089,2,51,53,113,1,5,20,7,0.4666666666666667,0.6666666666666666,0
52223,3,78,81,329,0,4,46,11,0.7333333333333333,0.8214285714285714,1
52251,4,19,23,30,1,5,9,0,0,0.75,0
52321,0,0,0,0,0,4,0,0,0,0,0
52534,0,4,4,6,0,4,0,0,0,0,0
52849,0,81,81,135,0,4,31,12,0.8,0.6326530612244898,1
53048,0,0,0,0,0,4,0,8,0.5333333333333333,0,0
53148,4,16,20,49,0,4,10,0,0,0.4545454545454545,0
53255,4,79,83,162,1,5,29,10,0.6666666666666666,0.5178571428571429,0
53260,0,13,13,33,0,4,9,0,0,0.8181818181818182,0
53279,1,54,55,165,0,4,14,7,0.4666666666666667,0.3684210526315789,0
53293,3,7,10,24,1,5,0,0,0,0,0
53516,0,83,83,244,1,5,47,14,0.9333333333333332,0.8392857142857143,1
53550,2,79,81,189,0,4,47,12,0.8,0.8392857142857143,0
53559,0,10,10,13,1,5,0,0,0,0,0
53946,0,6,6,28,1,5,12,13,0.8666666666666667,1,0
54007,8,75,83,130,1,5,34,10,0.6666666666666666,0.6071428571428571,0
54389,0,11,11,16,0,4,0,0,0,0,0
54481,0,7,7,13,0,4,0,0,0,0,0
54516,6,75,81,129,0,4,45,12,0.8,0.8035714285714286,1
54764,0,0,0,0,0,4,0,0,0,0,0
54773,0,16,16,38,0,4,0,0,0,0,0
55087,1,4,5,17,0,4,0,0,0,0,0
55186,0,7,7,8,1,5,0,0,0,0,0
55364,10,71,81,142,0,4,48,10,0.6666666666666666,0.8571428571428571,0
55381,0,2,2,5,1,5,0,0,0,0,0
55395,0,74,74,217,1,5,23,0,0,0.4509803921568627,0
55714,0,24,24,45,1,5,10,0,0,0.5882352941176471,0
55725,0,15,15,28,0,4,4,0,0,0.6666666666666666,0
55828,0,2,2,2,1,5,6,0,0,1,0
55857,0,29,29,58,0,4,11,0,0,0.6470588235294118,0
55912,16,55,71,115,1,5,41,0,0,0.9318181818181818,0
55929,9,72,81,276,0,4,24,6,0.4,0.4285714285714285,0
55995,0,23,23,43,1,5,7,0,0,0.3684210526315789,0
55998,5,76,81,117,0,4,44,12,0.8,0.7857142857142857,0
56031,0,81,81,154,0,4,44,14,0.9333333333333332,0.7857142857142857,1
56070,2,1,3,3,1,5,0,0,0,0,0
56095,3,27,30,44,0,4,22,0,0,0.9166666666666666,0
56118,0,83,83,129,1,5,46,10,0.6666666666666666,0.8214285714285714,0
56133,19,0,19,66,1,5,0,0,0,0,0
56217,0,81,81,165,1,5,27,11,0.7333333333333333,0.5510204081632653,0
56267,0,31,31,81,1,5,9,0,0,0.8181818181818182,0
56276,0,31,31,58,1,5,11,0,0,0.6470588235294118,0
56289,3,7,10,21,1,5,2,0,0,0.4,0
56414,6,55,61,221,1,5,25,12,0.8,0.5813953488372093,0
56438,2,6,8,18,1,5,0,0,0,0,0
56537,3,52,55,200,1,5,14,7,0.4666666666666667,0.4117647058823529,0
56542,20,37,57,107,1,5,16,0,0,0.5333333333333333,0
56556,2,25,27,47,1,5,27,12,0.8,0.4821428571428571,0
56640,15,68,83,185,1,5,55,14,0.9333333333333332,0.9821428571428572,1
56667,0,53,53,167,1,5,16,0,0,0.3265306122448979,0
56690,7,38,45,94,1,5,24,0,0,0.5853658536585366,0
56700,28,55,83,295,1,5,49,15,1,1,1
56720,6,21,27,56,1,5,5,0,0,0.625,0
56729,13,30,43,136,1,5,11,0,0,1,0
56744,0,8,8,13,1,5,6,0,0,0.4285714285714285,0
56756,0,23,23,48,1,5,5,0,0,0.8333333333333334,0
56800,1,82,83,177,1,5,35,11,0.7333333333333333,0.7142857142857143,0
56859,6,4,10,23,1,5,0,0,0,0,0
56870,11,72,83,336,1,5,28,10,0.6666666666666666,0.56,0
56885,3,40,43,58,1,5,11,0,0,1,0
56968,10,73,83,648,1,5,42,9,0.6,0.75,0
56970,0,83,83,403,1,5,34,7,0.4666666666666667,0.6071428571428571,0
57072,21,62,83,205,1,5,25,8,0.5333333333333333,0.4464285714285714,0
57079,0,48,48,72,1,5,19,0,0,0.8260869565217391,0
57118,0,0,0,0,1,5,0,0,0,0,0
57137,2,19,21,32,1,5,7,0,0,0.6363636363636364,0
57140,7,50,57,131,1,5,29,0,0,0.5918367346938775,0
57288,0,47,47,79,1,5,33,10,0.6666666666666666,0.5892857142857143,0
57340,2,72,74,157,1,5,22,0,0,0.5116279069767442,0
57418,0,19,19,27,1,5,8,0,0,1,0
57421,3,78,81,205,0,4,42,10,0.6666666666666666,0.75,0
57423,0,62,62,93,1,5,32,11,0.7333333333333333,0.6530612244897959,0
57446,0,0,0,0,1,5,0,0,0,0,0
57504,23,49,72,177,1,5,18,10,0.6666666666666666,0.75,0
57523,0,3,3,6,1,5,0,0,0,0,0
57583,0,18,18,34,0,4,0,0,0,0,0
57604,7,61,68,203,1,5,19,9,0.6,0.5757575757575758,0
57612,0,2,2,2,1,5,0,0,0,0,0
57633,0,4,4,6,1,5,0,0,0,0,0
57673,0,0,0,0,0,4,3,0,0,1,0
57730,8,0,8,11,1,5,0,0,0,0,0
57775,0,30,30,74,1,5,4,0,0,0.5714285714285714,0
57804,0,83,83,255,1,5,47,12,0.8,0.8392857142857143,0
57823,4,79,83,194,1,5,45,10,0.6666666666666666,0.8035714285714286,0
57843,10,73,83,212,1,5,43,14,0.9333333333333332,0.7678571428571429,1
57895,0,83,83,87,1,5,52,14,0.9333333333333332,0.9285714285714286,1
57900,0,21,21,42,1,5,5,0,0,0.2777777777777778,0
57917,15,68,83,106,1,5,51,13,0.8666666666666667,0.9107142857142856,1
57918,0,81,81,84,0,4,47,13,0.8666666666666667,0.9591836734693876,1
57966,0,5,5,14,1,5,1,0,0,0.25,0
58061,0,2,2,6,1,5,0,0,0,0,0
58062,6,65,71,155,1,5,30,9,0.6,0.8823529411764706,0
58095,0,5,5,18,1,5,0,0,0,0,0
58110,0,0,0,0,0,4,3,0,0,0.375,0
58120,0,17,17,24,1,5,4,0,0,0.6666666666666666,0
58127,0,4,4,6,1,5,0,0,0,0,0
58148,0,81,81,168,0,4,42,9,0.6,0.75,0
58162,0,26,26,42,1,5,0,0,0,0,0
58166,6,75,81,141,0,4,46,12,0.8,0.8214285714285714,1
58173,2,81,83,155,1,5,34,6,0.4,0.6071428571428571,0
58268,9,37,46,139,1,5,15,0,0,0.6,0
58285,9,45,54,117,1,5,31,0,0,0.7045454545454546,0
58290,8,39,47,119,1,5,43,8,0.5333333333333333,0.7678571428571429,0
58302,12,38,50,159,0,4,14,12,0.8,0.6086956521739131,0
58314,26,57,83,238,1,5,50,11,0.7333333333333333,0.8928571428571429,0
58371,0,12,12,29,0,4,0,0,0,0,0
58413,15,68,83,179,1,5,40,13,0.8666666666666667,0.7142857142857143,1
58423,7,69,76,254,1,5,50,12,0.8,0.8928571428571429,0
58431,0,0,0,0,1,5,0,0,0,0,0
58454,4,6,10,27,1,5,3,0,0,0.5,0
58492,24,59,83,252,1,5,52,12,0.8,0.9285714285714286,1
58504,0,83,83,159,1,5,37,11,0.7333333333333333,0.6607142857142857,0
58515,9,74,83,182,1,5,31,7,0.4666666666666667,0.62,0
58535,14,42,56,146,1,5,28,0,0,0.9333333333333332,0
58545,0,16,16,28,1,5,0,0,0,0,0
58558,3,34,37,79,1,5,30,11,0.7333333333333333,0.6,0
58560,0,9,9,11,1,5,0,0,0,0,0
58574,7,76,83,172,1,5,37,12,0.8,0.6607142857142857,0
58618,35,48,83,174,1,5,52,14,0.9333333333333332,0.9285714285714286,1
58682,10,22,32,54,1,5,8,8,0.5333333333333333,0.6153846153846154,0
58711,3,14,21,30,1,5,1,0,0,0.25,0
58714,0,0,0,0,1,5,0,0,0,0,0
58739,0,8,8,45,1,5,4,0,0,0.8,0
58743,0,7,7,10,0,4,0,0,0,0,0
58759,3,80,83,134,1,5,45,6,0.4,0.8035714285714286,0
58760,13,42,55,158,0,4,15,6,0.4,0.4166666666666667,0
58768,13,70,83,339,1,5,35,8,0.5333333333333333,0.625,0
58783,1,80,81,218,0,4,41,11,0.7333333333333333,0.8367346938775511,0
58784,3,78,81,151,0,4,43,11,0.7333333333333333,0.7678571428571429,0
58834,5,76,81,127,0,4,55,13,0.8666666666666667,0.9821428571428572,1
58840,0,54,54,131,1,5,15,3,0.75,0.5,0
58842,6,3,9,12,1,5,0,0,0,0,0
58849,0,21,21,38,1,5,0,0,0,0,0
58875,0,0,0,0,0,4,12,0,0,0.75,0
58891,5,70,75,262,0,4,39,0,0,0.7959183673469388,0
58897,0,7,7,7,0,4,0,0,0,0,0
58915,0,0,0,0,1,5,0,0,0,0,0
58931,38,45,83,301,1,5,54,14,0.9333333333333332,0.9642857142857144,1
58940,0,61,61,202,0,4,34,11,0.7333333333333333,0.6071428571428571,0
59008,3,78,81,104,0,4,55,13,0.8666666666666667,0.9821428571428572,1
59019,31,52,83,164,1,5,39,9,0.6,0.78,0
59032,0,5,5,6,0,4,0,0,0,0,0
59049,0,9,9,22,1,5,6,0,0,1,0
59060,5,78,83,177,1,5,46,12,0.8,0.8214285714285714,0
59074,0,17,17,26,1,5,4,0,0,0.6666666666666666,0
59077,0,4,4,9,1,5,8,0,0,0.5714285714285714,0
59124,16,14,30,53,1,5,15,0,0,0.8823529411764706,0
59128,0,8,8,10,0,4,5,0,0,0.8333333333333334,0
59197,15,66,81,234,0,4,51,12,0.8,0.9107142857142856,1
59226,5,62,67,178,0,4,26,0,0,0.6842105263157895,0
59253,0,1,1,2,1,5,0,0,0,0,0
59256,23,48,71,140,1,5,39,0,0,0.7959183673469388,0
59272,4,79,83,243,1,5,44,13,0.8666666666666667,0.88,1
59298,0,81,81,297,0,4,33,12,0.8,0.5892857142857143,0
59312,6,13,19,28,1,5,2,0,0,0.4,0
59320,0,0,0,0,0,4,0,0,0,0,0
59335,2,40,42,87,0,4,31,0,0,0.5535714285714286,0
59354,33,50,83,169,1,5,56,13,0.8666666666666667,1,1
59362,0,0,0,0,1,5,1,0,0,0.3333333333333333,0
59376,0,83,83,132,1,5,37,12,0.8,0.6607142857142857,1
59382,0,28,28,73,1,5,3,0,0,0.2307692307692307,0
59401,4,79,83,131,1,5,39,13,0.8666666666666667,0.6964285714285714,1
59426,3,57,60,164,1,5,32,0,0,0.5714285714285714,0
59435,30,53,83,333,1,5,38,12,0.8,0.6785714285714286,0
59454,24,59,83,218,1,5,48,8,0.5333333333333333,0.8571428571428571,0
59477,19,61,80,130,1,5,53,10,0.6666666666666666,0.9464285714285714,0
59512,21,62,83,136,1,5,53,13,0.8666666666666667,0.9464285714285714,1
59529,2,81,83,198,1,5,32,13,0.8666666666666667,0.5714285714285714,0
59533,0,41,41,75,1,5,32,11,0.7333333333333333,0.5714285714285714,0
59561,52,31,83,261,1,5,47,12,0.8,0.8392857142857143,0
59566,1,82,83,246,1,5,35,11,0.7333333333333333,0.625,0
59640,3,80,83,159,1,5,34,9,0.6,0.6071428571428571,0
59665,0,4,4,7,1,5,0,0,0,0,0
59674,0,18,18,48,0,4,8,0,0,0.4210526315789473,0
59688,3,80,83,160,1,5,33,5,0.3333333333333333,0.5892857142857143,0
59692,0,29,29,92,1,5,12,0,0,0.5,0
59697,0,52,52,97,1,5,16,9,0.6,0.6666666666666666,0
59701,0,3,3,6,1,5,0,0,0,0,0
59778,12,31,43,85,1,5,32,8,0.5333333333333333,0.7441860465116279,0
59823,0,45,45,86,0,4,16,0,0,0.6956521739130435,0
59834,0,5,5,5,0,4,4,0,0,0.6666666666666666,0
59838,7,76,83,240,1,5,38,9,0.6,0.6785714285714286,0
59873,0,26,26,60,1,5,4,0,0,0.2105263157894736,0
60000,0,0,0,0,0,4,0,0,0,0,0
60012,6,77,83,153,1,5,51,10,0.6666666666666666,0.9107142857142856,1
60029,3,78,81,92,0,4,55,13,0.8666666666666667,0.9821428571428572,1
60079,0,52,52,108,0,4,21,0,0,0.4772727272727273,0
60087,0,3,3,5,1,5,0,0,0,0,0
60097,0,18,18,34,1,5,11,11,0.7857142857142857,0.7333333333333333,0
60105,36,44,80,212,1,5,48,13,0.8666666666666667,0.8571428571428571,1
60148,0,81,81,275,0,4,51,14,0.9333333333333332,0.9107142857142856,1
60150,2,79,81,130,0,4,31,12,0.8,0.5535714285714286,0
60153,43,40,83,187,1,5,53,12,0.8,0.9464285714285714,0
60157,0,2,2,3,0,4,0,0,0,0,0
60160,0,7,7,13,1,5,0,0,0,0,0
60162,0,23,23,79,1,5,4,6,0.4,0.5714285714285714,0
60208,0,46,46,153,1,5,14,0,0,0.6086956521739131,0
60239,16,20,36,91,1,5,16,0,0,0.9411764705882352,0
60260,7,76,83,309,1,5,37,7,0.4666666666666667,0.7551020408163265,0
60289,0,7,7,12,0,4,5,0,0,0.4545454545454545,0
60300,3,78,81,172,0,4,28,7,0.4666666666666667,0.5,0
60306,0,5,5,11,0,4,9,0,0,0.8181818181818182,0
60315,0,5,5,13,1,5,0,0,0,0,0
60379,0,25,25,49,1,5,3,0,0,0.5,0
60421,0,13,13,28,1,5,3,0,0,0.5,0
60435,0,19,19,43,0,4,0,0,0,0,0
60495,0,6,6,11,1,5,6,0,0,0.75,0
60547,3,80,83,162,1,5,48,11,0.7333333333333333,0.8571428571428571,0
60557,0,54,54,81,1,5,23,0,0,0.7666666666666667,0
60603,12,69,81,173,0,4,41,13,0.8666666666666667,0.82,1
60611,0,83,83,160,1,5,42,12,0.8,0.75,0
60667,0,61,61,130,0,4,36,11,0.7333333333333333,0.6428571428571429,0
60726,4,79,83,129,1,5,35,2,0.4,0.625,0
60839,1,38,39,104,1,5,19,9,0.6,0.8260869565217391,0
60842,0,10,10,12,1,5,9,0,0,0.6428571428571429,0
60883,0,1,1,1,0,4,1,0,0,0.3333333333333333,0
60899,11,70,81,469,0,4,52,12,0.8,0.9285714285714286,1
61032,0,6,6,8,0,4,4,0,0,0.6666666666666666,0
61039,15,53,68,127,1,5,23,0,0,0.6571428571428571,0
61138,0,19,19,40,1,5,7,0,0,0.5833333333333334,0
61212,4,43,47,160,1,5,11,0,0,0.6111111111111112,0
61299,0,44,44,99,1,5,24,0,0,0.7741935483870968,0
61304,0,37,37,106,1,5,13,0,0,0.5652173913043478,0
61315,0,26,26,52,1,5,17,0,0,0.7391304347826086,0
61358,0,2,2,2,1,5,0,0,0,0,0
61555,20,61,81,167,0,4,50,12,0.8,0.8928571428571429,1
61572,2,25,27,79,1,5,4,0,0,0.6666666666666666,0
61581,0,6,6,15,0,4,0,0,0,0,0
61610,18,65,83,377,1,5,30,9,0.6,0.6,0
61634,0,11,11,34,1,5,0,0,0,0,0
61650,3,78,81,158,0,4,41,12,0.8,0.7321428571428571,0
61659,3,80,83,246,1,5,36,10,0.6666666666666666,0.6428571428571429,0
61667,0,4,4,8,1,5,0,0,0,0,0
61677,0,59,59,112,1,5,22,11,0.7333333333333333,0.7333333333333333,0
61693,20,61,81,147,0,4,49,12,0.8,0.875,0
61835,7,76,83,187,1,5,36,12,0.8,0.72,0
61908,0,0,0,0,1,5,0,0,0,0,0
61912,0,0,0,0,0,4,0,0,0,0,0
61916,3,78,81,193,0,4,51,13,0.8666666666666667,0.9107142857142856,1
61921,11,72,83,293,1,5,48,12,0.8,0.8571428571428571,1
61962,6,75,81,278,0,4,51,12,0.8,0.9107142857142856,1
61973,24,59,83,262,1,5,45,11,0.7333333333333333,0.8035714285714286,0
61983,2,4,6,13,1,5,3,0,0,0.375,0
62017,17,66,83,232,1,5,40,13,0.8666666666666667,0.7142857142857143,1
62054,0,0,0,0,1,5,0,0,0,0,0
62076,21,62,83,204,1,5,42,11,0.7333333333333333,0.75,1
62093,8,73,81,284,0,4,36,11,0.7333333333333333,0.7346938775510204,1
62127,0,19,19,37,1,5,0,0,0,0,0
62162,0,8,8,38,1,5,1,0,0,0.2,0
62185,4,71,75,128,1,5,48,13,0.8666666666666667,0.8571428571428571,1
62186,0,47,47,60,1,5,21,12,0.8,0.875,0
62187,0,19,19,28,1,5,2,0,0,0.4,0
62195,0,57,57,126,1,5,20,0,0,0.6666666666666666,0
62201,0,0,0,0,0,4,0,0,0,0,0
62231,0,7,7,16,1,5,0,0,0,0,0
62242,0,37,37,47,1,5,20,0,0,0.8333333333333334,0
62268,0,4,4,7,1,5,0,0,0,0,0
62346,0,5,5,12,1,5,0,0,0,0,0
62463,3,80,83,135,1,5,45,13,0.8666666666666667,0.8035714285714286,1
62470,0,11,11,31,1,5,22,0,0,0.6111111111111112,0
62515,0,29,29,55,0,4,5,0,0,0.8333333333333334,0
62530,6,48,54,137,1,5,13,0,0,0.4333333333333333,0
62575,0,4,4,7,0,4,0,0,0,0,0
62606,5,71,76,259,0,4,38,10,0.6666666666666666,0.7755102040816326,0
62656,7,74,81,219,0,4,52,12,0.8,0.9285714285714286,1
62661,0,45,45,139,0,4,9,0,0,0.3103448275862069,0
62710,0,0,0,0,1,5,0,0,0,0,0
62730,7,76,83,99,1,5,48,12,0.8,0.8571428571428571,0
62750,2,7,9,17,1,5,5,0,0,0.8333333333333334,0
62774,9,74,83,145,1,5,28,12,0.8,0.5,0
62784,10,73,83,307,1,5,39,11,0.7333333333333333,0.6964285714285714,0
62787,10,73,83,100,1,5,51,13,0.8666666666666667,0.9107142857142856,1
62799,7,76,83,298,1,5,38,11,0.7333333333333333,0.6785714285714286,0
62838,5,51,56,106,1,5,23,0,0,0.6052631578947368,0
62855,0,79,83,219,1,5,40,11,0.7333333333333333,0.7142857142857143,0
62890,1,82,83,118,1,5,39,14,0.9333333333333332,0.6964285714285714,1
63012,0,4,4,12,1,5,0,0,0,0,0
63016,16,67,83,174,1,5,46,10,0.6666666666666666,0.8214285714285714,0
63055,3,6,9,33,1,5,0,0,0,0,0
63152,15,15,30,80,1,5,4,0,0,0.6666666666666666,0
63201,0,0,0,0,1,5,0,0,0,0,0
63227,10,71,81,364,0,4,54,14,0.9333333333333332,0.9642857142857144,1
63234,0,48,48,90,1,5,35,0,0,0.7291666666666666,0
63315,0,10,10,16,1,5,0,0,0,0,0
63319,0,42,42,76,0,4,34,12,0.8,0.6071428571428571,0
63334,2,1,3,8,0,4,4,0,0,0.6666666666666666,0
63376,0,15,15,31,1,5,9,0,0,0.5294117647058824,0
63428,0,9,9,11,1,5,0,0,0,0,0
63443,37,46,83,240,1,5,55,14,0.9333333333333332,0.9821428571428572,1
63473,0,5,5,17,1,5,2,0,0,0.3333333333333333,0
63495,0,0,0,0,0,4,0,0,0,0,0
63505,8,75,83,202,1,5,29,12,0.8,0.5178571428571429,0
63518,0,81,81,158,0,4,39,12,0.8,0.6964285714285714,1
63580,0,2,2,2,1,5,3,1,1,0.5,0
63627,5,76,81,351,0,4,49,10,0.6666666666666666,0.875,0
63631,1,4,5,9,1,5,0,0,0,0,0
63650,0,0,0,0,1,5,3,0,0,0.5,0
63675,20,63,83,384,1,5,51,13,0.8666666666666667,0.9107142857142856,1
63699,0,48,48,99,0,4,33,0,0,0.9166666666666666,0
63717,6,25,31,144,0,4,9,10,0.6666666666666666,0.4736842105263157,0
63749,0,81,81,120,0,4,47,13,0.8666666666666667,0.8392857142857143,1
63779,1,18,19,38,1,5,23,8,0.5333333333333333,0.4107142857142857,0
63792,2,1,3,9,1,5,5,0,0,0.8333333333333334,0
63808,0,24,24,47,1,5,3,0,0,0.6,0
63838,0,20,20,59,1,5,0,0,0,0,0
63851,0,11,11,25,1,5,0,0,0,0,0
63974,0,28,28,108,1,5,5,0,0,0.4545454545454545,0
63985,21,53,74,179,1,5,31,11,0.7333333333333333,0.7560975609756098,0
64008,0,0,0,0,1,5,0,0,0,0,0
64093,0,0,0,0,1,5,0,0,0,0,0
64096,0,4,4,4,0,4,0,0,0,0,0
64144,6,57,63,136,1,5,42,12,0.8,0.84,0
64181,2,81,83,108,1,5,51,13,0.8666666666666667,0.9107142857142856,1
64232,0,4,4,7,1,5,0,0,0,0,0
64246,3,80,83,195,1,5,37,10,0.6666666666666666,0.6607142857142857,0
64364,22,59,81,245,0,4,48,14,0.9333333333333332,0.8571428571428571,1
64399,6,75,81,103,0,4,54,13,0.8666666666666667,0.9642857142857144,1
64414,11,70,81,186,0,4,54,13,0.8666666666666667,0.9642857142857144,1
64445,3,6,9,21,1,5,14,0,0,0.3783783783783784,0
64523,2,12,14,24,1,5,2,0,0,0.3333333333333333,0
64547,10,73,83,179,1,5,39,9,0.6,0.6964285714285714,0
64622,12,51,63,223,1,5,19,0,0,0.7916666666666666,0
64660,0,12,12,24,1,5,0,6,0.4,0,0
64688,0,83,83,202,1,5,30,9,0.6,0.5357142857142857,0
64692,0,34,34,70,1,5,37,7,0.4666666666666667,0.6607142857142857,0
64698,2,81,83,189,1,5,44,14,0.9333333333333332,0.7857142857142857,0
64732,24,59,83,333,1,5,39,11,0.7333333333333333,0.6964285714285714,0
64828,3,77,83,161,1,5,35,8,0.5333333333333333,0.625,0
65028,0,39,39,56,1,5,4,0,0,0.6666666666666666,0
65202,9,72,81,148,0,4,53,13,0.8666666666666667,0.9464285714285714,0
65206,25,58,83,143,1,5,46,12,0.8,0.8214285714285714,0
65224,4,30,34,76,1,5,19,0,0,0.6333333333333333,0
65247,3,78,81,123,0,4,54,12,0.8,0.9642857142857144,1
65249,0,6,6,9,0,4,0,0,0,0,0
65305,6,75,81,109,0,4,55,13,0.8666666666666667,0.9821428571428572,1
65309,0,25,25,88,1,5,10,0,0,0.6666666666666666,0
65410,0,28,28,65,1,5,0,0,0,0,0
65422,6,77,83,241,1,5,30,11,0.7333333333333333,0.6,0
65661,0,11,11,18,1,5,0,0,0,0,0
65675,0,83,83,295,1,5,40,11,0.7333333333333333,0.7142857142857143,0
65748,0,1,1,1,1,5,0,0,0,0,0
65987,0,8,8,15,0,4,4,0,0,0.3636363636363636,0
66019,20,63,83,229,1,5,39,9,0.6,0.6964285714285714,0
66214,0,17,17,36,0,4,4,0,0,0.8,0
66390,0,3,3,3,1,5,0,0,0,0,0
66439,1,36,37,91,1,5,14,8,0.5333333333333333,0.4827586206896552,0
66567,5,10,15,34,1,5,18,7,0.4666666666666667,0.5,0
66598,3,80,83,217,1,5,37,11,0.7333333333333333,0.7551020408163265,0
66724,19,58,77,405,1,5,32,11,0.7333333333333333,0.6956521739130435,0
67107,2,22,24,49,1,5,4,0,0,0.5,0
67428,20,63,83,462,1,5,34,9,0.6,0.6071428571428571,0
67456,0,23,23,35,1,5,12,0,0,0.4444444444444444,0
67463,6,16,22,44,1,5,3,0,0,0.4285714285714285,0
67786,3,11,14,33,0,4,4,0,0,0.2857142857142857,0
67968,0,5,5,7,0,4,7,0,0,0.4117647058823529,0
67971,0,0,0,0,0,4,0,0,0,0,0
68126,13,70,83,160,1,5,43,13,0.8666666666666667,0.7678571428571429,0
68137,0,52,52,141,0,4,15,0,0,0.3061224489795918,0
68173,3,52,55,132,0,4,15,0,0,0.5,0
68294,1,23,24,52,0,4,6,0,0,0.8571428571428571,0
68309,0,4,4,11,1,5,10,0,0,0.3333333333333333,0
68415,13,70,83,351,1,5,37,12,0.8,0.7551020408163265,0
68529,0,83,83,131,1,5,40,7,0.4666666666666667,0.7142857142857143,0
68543,0,35,35,130,1,5,9,0,0,0.8181818181818182,0
68592,22,61,83,207,1,5,41,11,0.7333333333333333,0.7321428571428571,0
68668,4,79,83,256,1,5,37,10,0.6666666666666666,0.6607142857142857,0
68711,0,3,3,10,0,4,0,0,0,0,0
68836,11,63,74,184,1,5,48,15,1,0.96,1
68851,9,62,71,177,1,5,47,15,1,0.9591836734693876,1
68880,4,18,22,73,1,5,18,0,0,0.6428571428571429,0
69003,0,6,6,8,1,5,0,0,0,0,0
69042,3,78,81,127,0,4,47,13,0.8666666666666667,0.8392857142857143,1
69052,0,40,40,111,0,4,19,0,0,0.5277777777777778,0
69067,0,32,32,59,0,4,31,12,0.8,0.5535714285714286,0
69198,0,22,22,42,1,5,0,0,0,0,0
69245,0,0,0,0,1,5,0,0,0,0,0
69256,0,69,69,147,0,4,31,0,0,0.6326530612244898,0
69414,0,5,5,12,0,4,10,0,0,0.9090909090909092,0
69541,0,6,6,7,0,4,7,0,0,0.6363636363636364,0
69833,3,78,81,159,0,4,38,13,0.8666666666666667,0.6785714285714286,0
69968,3,61,64,123,1,5,32,10,0.6666666666666666,0.6666666666666666,0